date,predicted_price,actual_price,error,abs_pct_error,,
1/4/2021,131.1916,125.7409,5.4507,4.3349,,
1/5/2021,131.0107,127.2955,3.7152,2.9186,,
1/6/2021,130.5487,123.0105,7.5382,6.1281,,11.8097
1/7/2021,129.6103,127.208,2.4023,1.8884,,-13.2796
1/8/2021,128.8583,128.306,0.5523,0.4305,,
1/11/2021,128.4896,125.323,3.1666,2.5267,,
1/12/2021,128.0428,125.1482,2.8946,2.313,,
1/13/2021,127.4294,127.1789,0.2505,0.197,,
1/14/2021,127.0819,125.255,1.8269,1.4585,,
1/15/2021,126.8259,123.5352,3.2907,2.6638,,
1/19/2021,126.4849,124.2057,2.2793,1.8351,,
1/20/2021,126.0605,128.2865,-2.2261,1.7352,,
1/21/2021,126.0401,132.9893,-6.9492,5.2254,,
1/22/2021,126.9053,135.127,-8.2217,6.0844,,
1/25/2021,128.374,138.8678,-10.4938,7.5567,,
1/26/2021,130.3809,139.101,-8.72,6.2689,,
1/27/2021,132.6854,138.0322,-5.3468,3.8736,,
1/28/2021,134.7917,133.2031,1.5886,1.1926,,
1/29/2021,136.0317,128.2186,7.8131,6.0936,,
2/1/2021,136.4875,130.3367,6.1508,4.7192,,
2/2/2021,135.8602,131.1627,4.6975,3.5814,,
2/3/2021,135.1122,130.1425,4.9698,3.8187,,
2/4/2021,134.4237,133.4946,0.9292,0.696,,
2/5/2021,133.864,133.081,0.783,0.5884,,
2/8/2021,133.5734,133.227,0.3464,0.26,,
2/9/2021,133.3828,132.3512,1.0316,0.7794,,
2/10/2021,133.2651,131.7479,1.5172,1.1516,,
2/11/2021,133.1246,131.4948,1.6298,1.2394,,
2/12/2021,132.8797,131.7284,1.1512,0.874,,
2/16/2021,132.5789,129.607,2.9718,2.2929,,
2/17/2021,132.1924,127.3203,4.8721,3.8267,,
2/18/2021,131.3386,126.2207,5.118,4.0548,,
2/19/2021,130.1889,126.3764,3.8125,3.0168,,
2/22/2021,129.0913,122.6105,6.4809,5.2857,,
2/23/2021,127.7378,122.4742,5.2636,4.2977,,
2/24/2021,125.9593,121.978,3.9813,3.2639,,
2/25/2021,124.3812,117.7353,6.646,5.6449,,
2/26/2021,122.7959,117.998,4.7979,4.0661,,
3/1/2021,120.5602,124.3523,-3.7921,3.0495,,
3/2/2021,119.8301,121.7542,-1.9241,1.5803,,
3/3/2021,119.6773,118.7765,0.9008,0.7584,,
3/4/2021,119.3876,116.8984,2.4892,2.1294,,
3/5/2021,118.6606,118.1537,0.5069,0.429,,
3/8/2021,118.1281,113.2298,4.8983,4.326,,
3/9/2021,117.2775,117.8326,-0.5551,0.4711,,
3/10/2021,116.8289,116.7524,0.0765,0.0655,,
3/11/2021,116.7357,118.6792,-1.9435,1.6376,,
3/12/2021,117.0332,117.7742,-0.741,0.6292,,
3/15/2021,116.9724,120.6545,-3.6822,3.0518,,
3/16/2021,117.5463,122.1921,-4.6458,3.802,,
3/17/2021,118.6254,121.4038,-2.7785,2.2886,,
3/18/2021,119.6022,117.2876,2.3146,1.9734,,
3/19/2021,119.9251,116.7621,3.163,2.7089,,
3/22/2021,119.8159,120.0707,-0.2548,0.2122,,
3/23/2021,119.8811,119.2436,0.6375,0.5346,,
3/24/2021,120.02,116.8595,3.1605,2.7045,,
3/25/2021,119.9396,117.346,2.5936,2.2102,,
3/26/2021,119.3641,117.9493,1.4148,1.1995,,
3/29/2021,118.9921,118.1245,0.8676,0.7345,,
3/30/2021,118.6448,116.6746,1.9702,1.6886,,
3/31/2021,118.3467,118.8641,-0.5173,0.4352,,
4/1/2021,118.5039,119.6912,-1.1872,0.9919,,
4/5/2021,119.0394,122.5132,-3.4737,2.8354,,
4/6/2021,119.5307,122.8148,-3.2841,2.674,,
4/7/2021,120.3805,124.4594,-4.0788,3.2772,,
4/8/2021,121.3711,126.8532,-5.4821,4.3216,,
4/9/2021,122.9775,129.4221,-6.4446,4.9795,,
4/12/2021,124.6974,127.7095,-3.0121,2.3585,,
4/13/2021,126.4134,130.8137,-4.4003,3.3638,,
4/14/2021,128.1524,128.4783,-0.3259,0.2536,,
4/15/2021,129.6755,130.8819,-1.2064,0.9217,,
4/16/2021,131.0246,130.551,0.4736,0.3628,,
4/19/2021,131.8343,131.2127,0.6216,0.4738,,
4/20/2021,132.4423,129.5292,2.913,2.2489,,
4/21/2021,132.5817,129.9087,2.673,2.0576,,
4/22/2021,132.3975,128.3907,4.0068,3.1208,,
4/23/2021,131.8466,130.7067,1.1399,0.8721,,
4/26/2021,131.3726,131.0959,0.2767,0.2111,,
4/27/2021,131.3078,130.7748,0.533,0.4076,,
4/28/2021,131.201,129.9866,1.2144,0.9342,,
4/29/2021,130.9891,129.8893,1.0999,0.8468,,
4/30/2021,130.7051,127.9236,2.7815,2.1744,,
5/3/2021,130.1417,128.9745,1.1672,0.905,,
5/4/2021,129.7496,124.4107,5.3389,4.2914,,
5/5/2021,128.9164,124.654,4.2624,3.4194,,
5/6/2021,127.923,126.2499,1.6731,1.3253,,
5/7/2021,127.1067,126.9224,0.1843,0.1452,,
5/10/2021,126.6276,123.6473,2.9803,2.4103,,
5/11/2021,126.3452,122.731,3.6142,2.9448,,
5/12/2021,124.8545,119.6703,5.1842,4.3321,,
5/13/2021,123.7452,121.8148,1.9305,1.5848,,
5/14/2021,122.7358,124.2321,-1.4963,1.2044,,
5/17/2021,122.6249,123.0819,-0.457,0.3713,,
5/18/2021,122.4288,121.6978,0.731,0.6007,,
5/19/2021,122.3699,121.5418,0.8281,0.6813,,
5/20/2021,122.0062,124.0956,-2.0895,1.6838,,
5/21/2021,122.2741,122.2631,0.0109,0.009,,
5/24/2021,122.3956,123.891,-1.4953,1.207,,
5/25/2021,123.0754,123.696,-0.6206,0.5017,,
5/26/2021,123.4156,123.6473,-0.2316,0.1873,,
5/27/2021,123.92,122.1169,1.803,1.4765,,
5/28/2021,124.0221,121.4638,2.5583,2.1062,,
6/1/2021,123.8793,121.1422,2.7371,2.2594,,
6/2/2021,123.676,121.9025,1.7735,1.4548,,
6/3/2021,123.2763,120.4209,2.8555,2.3712,,
6/4/2021,122.7358,122.7115,0.0243,0.0198,,
6/7/2021,122.3835,122.7213,-0.3378,0.2753,,
6/8/2021,122.305,123.5401,-1.2351,0.9997,,
6/9/2021,122.5442,123.9202,-1.376,1.1104,,
6/10/2021,122.8931,122.926,-0.0329,0.0267,,
6/11/2021,123.0726,124.1347,-1.0621,0.8556,,
6/14/2021,123.2695,127.1856,-3.9161,3.0791,,
6/15/2021,123.8562,126.3668,-2.5106,1.9867,,
6/16/2021,124.5359,126.864,-2.3281,1.8351,,
6/17/2021,125.3248,128.4626,-3.1378,2.4426,,
6/18/2021,126.1845,127.1661,-0.9817,0.772,,
6/21/2021,127.1409,128.9597,-1.8188,1.4103,,
6/22/2021,127.8302,130.5973,-2.7671,2.1188,,
6/23/2021,128.5566,130.3243,-1.7677,1.3564,,
6/24/2021,129.3136,130.0417,-0.7281,0.5599,,
6/25/2021,130.0929,129.7492,0.3436,0.2649,,
6/28/2021,130.4576,131.377,-0.9195,0.6999,,
6/29/2021,131.0152,132.8879,-1.8728,1.4093,,
6/30/2021,131.4648,133.5021,-2.0373,1.526,,
7/1/2021,131.7332,133.8042,-2.071,1.5478,,
7/2/2021,132.4261,136.4263,-4.0002,2.9322,,
7/6/2021,133.3289,138.4343,-5.1054,3.688,,
7/7/2021,134.5367,140.9199,-6.3832,4.5296,,
7/8/2021,135.9841,139.6235,-3.6394,2.6066,,
7/9/2021,137.1795,141.4462,-4.2667,3.0165,,
7/12/2021,138.3579,140.8516,-2.4937,1.7704,,
7/13/2021,139.4995,141.9628,-2.4633,1.7352,,
7/14/2021,140.4334,145.3842,-4.9508,3.4053,,
7/15/2021,141.6903,144.7312,-3.0409,2.101,,
7/16/2021,142.7786,142.6939,0.0847,0.0593,,
7/19/2021,143.5521,138.8534,4.6986,3.3839,,
7/20/2021,143.5086,142.4599,1.0487,0.7361,,
7/21/2021,143.2888,141.7289,1.5599,1.1006,,
7/22/2021,143.0298,143.0936,-0.0638,0.0446,,
7/23/2021,143.0336,144.8091,-1.7755,1.2261,,
7/26/2021,143.2817,145.2283,-1.9466,1.3404,,
7/27/2021,143.7039,143.0644,0.6395,0.447,,
7/28/2021,143.896,141.3195,2.5765,1.8232,,
7/29/2021,143.7362,141.9628,1.7734,1.2492,,
7/30/2021,143.3705,142.1773,1.1932,0.8392,,
8/2/2021,143.1045,141.8459,1.2586,0.8873,,
8/3/2021,142.6457,143.6394,-0.9937,0.6918,,
8/4/2021,142.5414,143.2398,-0.6984,0.4876,,
8/5/2021,142.3344,143.347,-1.0126,0.7064,,
8/6/2021,142.267,142.6637,-0.3967,0.278,,
8/9/2021,142.2374,142.6149,-0.3775,0.2647,,
8/10/2021,142.151,142.1366,0.0145,0.0102,,
8/11/2021,142.0635,142.3903,-0.3269,0.2296,,
8/12/2021,142.1629,145.3482,-3.1853,2.1915,,
8/13/2021,142.4434,145.5533,-3.1099,2.1366,,
8/16/2021,142.9088,147.5252,-4.6164,3.1292,,
8/17/2021,143.3605,146.6173,-3.2569,2.2213,,
8/18/2021,144.1554,142.8785,1.2769,0.8937,,
8/19/2021,144.6557,143.2104,1.4453,1.0092,,
8/20/2021,144.8308,144.6649,0.1659,0.1147,,
8/23/2021,144.5044,146.1488,-1.6443,1.1251,,
8/24/2021,145.0295,146.0609,-1.0313,0.7061,,
8/25/2021,144.9346,144.8309,0.1037,0.0716,,
8/26/2021,145.254,144.0304,1.2236,0.8495,,
8/27/2021,145.2042,145.0652,0.139,0.0958,,
8/30/2021,145.4033,149.4776,-4.0743,2.7257,,
8/31/2021,145.7689,148.2183,-2.4494,1.6526,,
9/1/2021,147.238,148.8821,-1.6441,1.1043,,
9/2/2021,147.9587,149.995,-2.0363,1.3576,,
9/3/2021,148.659,150.6295,-1.9705,1.3082,,
9/7/2021,148.8809,152.9627,-4.0818,2.6685,,
9/8/2021,150.2249,151.4203,-1.1954,0.7894,,
9/9/2021,150.5241,150.4051,0.119,0.0791,,
9/10/2021,151.3067,145.4264,5.8804,4.0435,,
9/13/2021,151.238,145.9926,5.2455,3.593,,
9/14/2021,150.5258,144.5966,5.9292,4.1005,,
9/15/2021,148.8283,145.4849,3.3434,2.2981,,
9/16/2021,147.1533,145.2506,1.9027,1.3099,,
9/17/2021,145.7091,142.5856,3.1235,2.1906,,
9/20/2021,145.0289,139.5398,5.489,3.9337,,
9/21/2021,144.6997,140.0181,4.6816,3.3436,,
9/22/2021,143.4223,142.3805,1.0418,0.7317,,
9/23/2021,142.1613,143.3372,-1.1759,0.8204,,
9/24/2021,142.8003,143.4251,-0.6248,0.4356,,
9/27/2021,142.5124,141.912,0.6004,0.4231,,
9/28/2021,142.8449,138.5343,4.3106,3.1116,,
9/29/2021,141.6272,139.4324,2.1947,1.5741,,
9/30/2021,140.9632,138.134,2.8292,2.0482,,
10/1/2021,138.8961,139.2567,-0.3606,0.2589,,
10/4/2021,137.7137,135.8302,1.8835,1.3867,,
10/5/2021,136.4709,137.7533,-1.2824,0.9309,,
10/6/2021,135.2446,138.6222,-3.3776,2.4366,,
10/7/2021,134.6411,139.8815,-5.2403,3.7463,,
10/8/2021,136.1051,139.5008,-3.3957,2.4342,,
10/11/2021,136.0415,139.4129,-3.3714,2.4183,,
10/12/2021,137.1998,138.1438,-0.9441,0.6834,,
10/13/2021,137.8007,137.5581,0.2426,0.1764,,
10/14/2021,138.1803,140.3403,-2.16,1.5391,,
10/15/2021,138.2944,141.3946,-3.1002,2.1926,,
10/18/2021,139.8683,143.0639,-3.1956,2.2337,,
10/19/2021,140.5655,145.2214,-4.6558,3.206,,
10/20/2021,142.5136,145.7094,-3.1958,2.1933,,
10/21/2021,143.7517,145.9242,-2.1725,1.4888,,
10/22/2021,144.4511,145.153,-0.7018,0.4835,,
10/25/2021,145.2581,145.1042,0.1539,0.106,,
10/26/2021,145.5741,145.768,-0.1939,0.133,,
10/27/2021,145.4843,145.3092,0.1751,0.1205,,
10/28/2021,145.4768,148.9407,-3.4639,2.3257,,
10/29/2021,146.3517,146.2367,0.115,0.0787,,
11/1/2021,147.152,145.4166,1.7354,1.1934,,
11/2/2021,146.5767,146.4514,0.1253,0.0856,,
11/3/2021,146.8537,147.8864,-1.0327,0.6983,,
11/4/2021,146.9032,147.369,-0.4658,0.3161,,
11/5/2021,147.2301,147.8969,-0.6668,0.4509,,
11/8/2021,147.7778,147.0757,0.7021,0.4774,,
11/9/2021,147.9826,147.4374,0.5452,0.3698,,
11/10/2021,147.5133,144.6121,2.9012,2.0062,,
11/11/2021,147.4613,144.5632,2.8981,2.0048,,
11/12/2021,146.6716,146.6358,0.0358,0.0244,,
11/15/2021,146.1311,146.6455,-0.5144,0.3508,,
11/16/2021,146.0025,147.6232,-1.6207,1.0978,,
11/17/2021,145.8293,150.0575,-4.2282,2.8177,,
11/18/2021,146.6377,154.3395,-7.7019,4.9902,,
11/19/2021,148.8525,156.9596,-8.1071,5.1651,,
11/22/2021,150.812,157.4191,-6.6072,4.1972,,
11/23/2021,154.2341,157.8004,-3.5663,2.26,,
11/24/2021,155.8612,158.3185,-2.4573,1.5521,,
11/26/2021,156.9334,153.3033,3.6301,2.3679,,
11/29/2021,156.748,156.6566,0.0914,0.0584,,
11/30/2021,155.8594,161.6034,-5.744,3.5544,,
12/1/2021,156.8854,161.0852,-4.1998,2.6072,,
12/2/2021,159.922,160.0978,-0.1758,0.1098,,
12/3/2021,160.3317,158.2208,2.111,1.3342,,
12/6/2021,160.1969,161.623,-1.4261,0.8823,,
12/7/2021,159.8589,167.3519,-7.4931,4.4774,,
12/8/2021,164.7837,171.1647,-6.381,3.728,,
12/9/2021,166.3822,170.6563,-4.2741,2.5045,,
12/10/2021,169.7369,175.437,-5.7001,3.2491,,
12/13/2021,172.4816,171.81,0.6717,0.3909,,
12/14/2021,174.3616,170.4314,3.9302,2.306,,
12/15/2021,174.1407,175.2904,-1.1497,0.6559,,
12/16/2021,173.856,168.4077,5.4482,3.2351,,
12/17/2021,172.1442,167.3128,4.8314,2.8876,,
12/20/2021,170.7013,165.9539,4.7474,2.8606,,
12/21/2021,167.8526,169.1214,-1.2688,0.7502,,
12/22/2021,167.3984,171.7122,-4.3137,2.5122,,
12/23/2021,166.3081,172.3379,-6.0298,3.4988,,
12/27/2021,168.4746,176.2973,-7.8227,4.4372,,
12/28/2021,171.2452,175.2805,-4.0353,2.3022,,
12/29/2021,173.3463,175.3685,-2.0222,1.1531,,
12/30/2021,175.0832,174.215,0.8683,0.4984,,
12/31/2021,175.3163,173.599,1.7172,0.9892,,
1/3/2022,176.653,177.9397,-1.2868,0.7232,,
1/4/2022,177.497,175.6814,1.8156,1.0335,,
1/5/2022,176.6963,171.0083,5.688,3.3262,,
1/6/2022,176.3596,168.1536,8.206,4.88,,
1/7/2022,174.7988,168.3198,6.4791,3.8493,,
1/10/2022,172.2273,168.3394,3.8879,2.3096,,
1/11/2022,168.8774,171.1647,-2.2873,1.3363,,
1/12/2022,168.8785,171.6046,-2.7261,1.5886,,
1/13/2022,168.6038,168.3394,0.2644,0.1571,,
1/14/2022,169.9044,169.1996,0.7047,0.4165,,
1/18/2022,170.1041,166.0028,4.1013,2.4706,,
1/19/2022,169.7152,162.5126,7.2026,4.432,,
1/20/2022,168.3728,160.8311,7.5417,4.6892,,
1/21/2022,167.2341,158.778,8.4561,5.3258,,
1/24/2022,165.0847,158.0057,7.0789,4.4802,,
1/25/2022,162.4598,156.2068,6.2529,4.003,,
1/26/2022,159.4712,156.1189,3.3523,2.1473,,
1/27/2022,158.539,155.6594,2.8796,1.85,,
1/28/2022,156.214,166.5209,-10.3069,6.1896,,
1/31/2022,159.5701,170.8714,-11.3013,6.6139,,
2/1/2022,163.4666,170.7052,-7.2386,4.2404,,
2/2/2022,167.4189,171.9077,-4.4888,2.6112,,
2/3/2022,170.8741,169.0334,1.8407,1.089,,
2/4/2022,171.3994,168.7496,2.6498,1.5702,,
2/7/2022,170.3298,168.035,2.2948,1.3656,,
2/8/2022,169.2748,171.1381,-1.8633,1.0888,,
2/9/2022,169.0143,172.5574,-3.5432,2.0533,,
2/10/2022,172.001,168.4853,3.5157,2.0867,,
2/11/2022,171.7781,165.0788,6.6994,4.0583,,
2/14/2022,171.6288,165.3137,6.3151,3.8201,,
2/15/2022,167.9134,169.1411,-1.2278,0.7259,,
2/16/2022,168.9608,168.9062,0.0546,0.0323,,
2/17/2022,167.9078,165.3137,2.5941,1.5692,,
2/18/2022,168.7869,163.7671,5.0198,3.0652,,
2/22/2022,168.6499,160.85,7.7999,4.8492,,
2/23/2022,167.7025,156.6898,11.0127,7.0284,,
2/24/2022,165.1358,159.3034,5.8324,3.6612,,
2/25/2022,162.6492,161.3688,1.2805,0.7935,,
2/28/2022,160.5027,161.6331,-1.1304,0.6994,,
3/1/2022,162.7526,159.7537,2.9989,1.8772,,
3/2/2022,162.2408,163.0426,-0.8018,0.4918,,
3/3/2022,161.7407,162.7196,-0.9789,0.6016,,
3/4/2022,160.6415,159.7243,0.9173,0.5743,,
3/7/2022,159.0779,155.9361,3.1419,2.0148,,
3/8/2022,158.9483,154.1153,4.833,3.136,,
3/9/2022,156.4385,159.5089,-3.0704,1.9249,,
3/10/2022,155.4894,155.1725,0.317,0.2043,,
3/11/2022,154.9845,151.4625,3.522,2.3253,,
3/14/2022,154.3034,147.4393,6.8641,4.6555,,
3/15/2022,151.8474,151.8149,0.0325,0.0214,,
3/16/2022,148.0838,156.2199,-8.1361,5.2081,,
3/17/2022,153.6444,157.2281,-3.5837,2.2793,,
3/18/2022,154.6835,160.5172,-5.8336,3.6343,,
3/21/2022,158.5704,161.8876,-3.3172,2.0491,,
3/22/2022,160.5736,165.255,-4.6814,2.8328,,
3/23/2022,163.3181,166.6156,-3.2975,1.9791,,
3/24/2022,164.9105,170.3941,-5.4837,3.2182,,
3/25/2022,168.644,171.0304,-2.3864,1.3953,,
3/28/2022,170.6426,171.8918,-1.2492,0.7267,,
3/29/2022,171.4175,175.1808,-3.7634,2.1483,,
3/30/2022,173.3784,174.016,-0.6376,0.3664,,
3/31/2022,175.1348,170.9227,4.2121,2.4643,,
4/1/2022,174.01,170.629,3.3809,1.9815,,
4/4/2022,172.3493,174.6718,-2.3225,1.3297,,
4/5/2022,170.5122,171.3632,-0.851,0.4966,,
4/6/2022,172.8874,168.2014,4.686,2.7859,,
4/7/2022,172.119,168.5049,3.6141,2.1448,,
4/8/2022,170.3572,166.4982,3.8591,2.3178,,
4/11/2022,167.4874,162.2498,5.2376,3.2281,,
4/12/2022,166.328,164.1195,2.2085,1.3457,,
4/13/2022,165.087,166.8016,-1.7146,1.0279,,
4/14/2022,166.6285,161.7995,4.829,2.9846,,
4/18/2022,165.0519,161.5842,3.4678,2.1461,,
4/19/2022,165.4595,163.865,1.5946,0.9731,,
4/20/2022,163.0105,163.6986,-0.6881,0.4204,,
4/21/2022,164.1339,162.9056,1.2282,0.7539,,
4/22/2022,162.0523,158.3734,3.6789,2.323,,
4/25/2022,162.4851,159.4404,3.0446,1.9096,,
4/26/2022,159.0821,153.4888,5.5933,3.6441,,
4/27/2022,156.225,153.2636,2.9614,1.9322,,
4/28/2022,152.4933,160.1843,-7.6911,4.8014,,
4/29/2022,156.3669,154.3208,2.046,1.3258,,
5/2/2022,153.8639,154.6243,-0.7604,0.4918,,
5/3/2022,154.2953,156.1122,-1.8169,1.1638,,
5/4/2022,151.5443,162.5141,-10.9698,6.7501,,
5/5/2022,159.4662,153.4594,6.0069,3.9143,,
5/6/2022,156.9489,154.1849,2.764,1.7927,,
5/9/2022,156.4805,149.0676,7.4129,4.9728,,
5/10/2022,152.5284,151.4694,1.0591,0.6992,,
5/11/2022,151.8043,143.617,8.1873,5.7008,,
5/12/2022,149.0797,139.7545,9.3251,6.6725,,
5/13/2022,146.3604,144.215,2.1454,1.4876,,
5/16/2022,142.618,142.6759,-0.0579,0.0406,,
5/17/2022,144.6339,146.3031,-1.6692,1.1409,,
5/18/2022,144.99,138.0488,6.9412,5.0281,,
5/19/2022,145.2393,134.6471,10.5922,7.8666,,
5/20/2022,141.0565,134.8824,6.1742,4.5774,,
5/23/2022,137.2672,140.2937,-3.0265,2.1573,,
5/24/2022,136.2538,137.5978,-1.344,0.9768,,
5/25/2022,138.0827,137.7547,0.328,0.2381,,
5/26/2022,138.5909,140.9506,-2.3597,1.6741,,
5/27/2022,139.1082,146.6952,-7.587,5.172,,
5/31/2022,143.2791,145.911,-2.6319,1.8038,,
6/1/2022,147.442,145.7835,1.6584,1.1376,,
6/2/2022,148.9347,148.2343,0.7004,0.4725,,
6/3/2022,147.8405,142.5191,5.3215,3.7339,,
6/6/2022,145.2934,143.2641,2.0293,1.4165,,
6/7/2022,143.5659,145.7835,-2.2177,1.5212,,
6/8/2022,142.79,145.0483,-2.2583,1.5569,,
6/9/2022,144.4307,139.8329,4.5977,3.288,,
6/10/2022,142.9141,134.4314,8.4827,6.3101,,
6/13/2022,141.0944,129.2847,11.8097,9.1346,,
6/14/2022,135.2469,130.1474,5.0995,3.9183,,
6/15/2022,131.852,132.7648,-0.9129,0.6876,,
6/16/2022,130.7779,127.5006,3.2773,2.5705,,
6/17/2022,130.8366,128.971,1.8656,1.4465,,
6/21/2022,130.5049,133.1962,-2.6913,2.0206,,
6/22/2022,133.5276,132.6864,0.8411,0.6339,,
6/23/2022,133.2153,135.549,-2.3337,1.7216,,
6/24/2022,136.5383,138.8723,-2.334,1.6806,,
6/27/2022,139.2895,138.8723,0.4172,0.3004,,
6/28/2022,140.7131,134.7353,5.9778,4.4367,,
6/29/2022,138.9885,136.4901,2.4984,1.8305,,
6/30/2022,137.8753,134.0295,3.8458,2.8694,,
7/1/2022,133.5176,136.196,-2.6784,1.9666,,
7/5/2022,133.8642,138.7742,-4.91,3.5381,,
7/6/2022,133.2302,140.1074,-6.8773,4.9086,,
7/7/2022,137.7714,143.47,-5.6986,3.972,,
7/8/2022,140.0495,144.1464,-4.0969,2.8422,,
7/11/2022,141.7405,142.0191,-0.2786,0.1962,,
7/12/2022,141.8386,142.9896,-1.151,0.805,,
7/13/2022,141.6288,142.6269,-0.9982,0.6998,,
7/14/2022,140.998,145.5482,-4.5502,3.1262,,
7/15/2022,143.1463,147.2148,-4.0685,2.7636,,
7/18/2022,145.5012,144.1758,1.3254,0.9193,,
7/19/2022,147.0856,148.0284,-0.9428,0.6369,,
7/20/2022,148.1996,150.0283,-1.8287,1.2189,,
7/21/2022,149.4468,152.2928,-2.8461,1.8688,,
7/22/2022,149.8685,151.0576,-1.1891,0.7872,,
7/25/2022,150.5994,149.9401,0.6593,0.4397,,
7/26/2022,150.7661,148.6167,2.1495,1.4463,,
7/27/2022,148.7947,153.7045,-4.9099,3.1943,,
7/28/2022,149.0076,154.2535,-5.2458,3.4008,,
7/29/2022,153.7716,159.3119,-5.5404,3.4777,,
8/1/2022,156.5149,158.3316,-1.8168,1.1474,,
8/2/2022,158.3936,156.8611,1.5325,0.977,,
8/3/2022,158.0395,162.8607,-4.8212,2.9603,,
8/4/2022,160.0295,162.547,-2.5175,1.5488,,
8/5/2022,161.8282,162.3212,-0.493,0.3037,,
8/8/2022,161.735,161.85,-0.115,0.071,,
8/9/2022,161.7906,161.8991,-0.1085,0.067,,
8/10/2022,161.0714,166.14,-5.0685,3.0507,,
8/11/2022,162.9258,165.4037,-2.4779,1.4981,,
8/12/2022,166.047,168.9476,-2.9005,1.7168,,
8/15/2022,166.8727,170.0176,-3.1448,1.8497,,
8/16/2022,168.5258,169.8606,-1.3348,0.7858,,
8/17/2022,168.4626,171.3527,-2.8901,1.6866,,
8/18/2022,169.2264,170.96,-1.7336,1.0141,,
8/19/2022,169.4259,168.3782,1.0477,0.6222,,
8/22/2022,169.0421,164.5006,4.5416,2.7608,,
8/23/2022,167.7561,164.1668,3.5893,2.1864,,
8/24/2022,164.7854,164.4613,0.3242,0.1971,,
8/25/2022,163.0575,166.9155,-3.858,2.3113,,
8/26/2022,166.1242,160.6229,5.5013,3.425,,
8/29/2022,163.9886,158.4239,5.5647,3.5125,,
8/30/2022,161.9476,155.9992,5.9484,3.8131,,
8/31/2022,155.9952,154.3401,1.6551,1.0723,,
9/1/2022,154.6544,155.0666,-0.4121,0.2658,,
9/2/2022,152.4186,152.956,-0.5374,0.3513,,
9/6/2022,152.6058,151.6994,0.9064,0.5975,,
9/7/2022,151.2668,153.1032,-1.8364,1.1995,,
9/8/2022,150.6858,151.6307,-0.945,0.6232,,
9/9/2022,150.2186,154.4874,-4.2688,2.7632,,
9/12/2022,152.7607,160.4364,-7.6756,4.7842,,
9/13/2022,156.9167,151.0221,5.8946,3.9032,,
9/14/2022,157.0705,152.4651,4.6054,3.0206,,
9/15/2022,153.3873,149.5789,3.8083,2.546,,
9/16/2022,150.6101,147.9396,2.6705,1.8051,,
9/19/2022,147.7787,151.6504,-3.8717,2.553,,
9/20/2022,148.4738,154.026,-5.5522,3.6047,,
9/21/2022,151.0906,150.9043,0.1863,0.1235,,
9/22/2022,152.1958,149.9422,2.2536,1.503,,
9/23/2022,152.1032,147.6745,4.4287,2.999,,
9/26/2022,148.9092,148.0083,0.9009,0.6087,,
9/27/2022,147.0105,148.9801,-1.9697,1.3221,,
9/28/2022,150.2259,147.0953,3.1306,2.1283,,
9/29/2022,147.7399,139.8701,7.8698,5.6265,,
9/30/2022,144.4642,135.6685,8.7957,6.4832,,
10/3/2022,137.8017,139.8407,-2.039,1.4581,,
10/4/2022,138.9051,143.4238,-4.5188,3.1507,,
10/5/2022,141.547,143.7183,-2.1714,1.5108,,
10/6/2022,144.6711,142.7661,1.9051,1.3344,,
10/7/2022,144.7731,137.5239,7.2492,5.2713,,
10/10/2022,141.8254,137.8479,3.9775,2.8854,,
10/11/2022,137.2009,136.4343,0.7667,0.5619,,
10/12/2022,137.7092,135.806,1.9033,1.4015,,
10/13/2022,135.2162,140.3708,-5.1546,3.6722,,
10/14/2022,137.252,135.8453,1.4068,1.0356,,
10/17/2022,136.8602,139.8014,-2.9413,2.1039,,
10/18/2022,138.31,141.1169,-2.8069,1.989,,
10/19/2022,138.8654,141.2249,-2.3594,1.6707,,
10/20/2022,139.6497,140.7635,-1.1138,0.7912,,
10/21/2022,140.227,144.5724,-4.3454,3.0057,,
10/24/2022,142.0256,146.7124,-4.6868,3.1946,,
10/25/2022,144.0575,149.5495,-5.492,3.6724,,
10/26/2022,148.9821,146.6143,2.3678,1.615,,
10/27/2022,149.2674,142.1476,7.1197,5.0087,,
10/28/2022,146.3798,152.8873,-6.5075,4.2564,,
10/31/2022,148.4765,150.5312,-2.0547,1.365,,
11/1/2022,152.2551,147.8905,4.3647,2.9513,,
11/2/2022,149.9952,142.3734,7.6218,5.3534,,
11/3/2022,147.2918,136.3361,10.9557,8.0358,,
11/4/2022,140.879,136.0706,4.8084,3.5338,,
11/7/2022,136.5969,136.6016,-0.0047,0.0034,,
11/8/2022,133.9759,137.1719,-3.196,2.3299,,
11/9/2022,137.7743,132.6192,5.1551,3.8872,,
11/10/2022,135.0215,144.4189,-9.3974,6.5071,,
11/11/2022,142.4212,147.2017,-4.7805,3.2476,,
11/14/2022,144.4898,145.8054,-1.3155,0.9023,,
11/15/2022,147.5657,147.536,0.0297,0.0201,,
11/16/2022,148.7336,146.3068,2.4268,1.6587,,
11/17/2022,147.2505,148.2047,-0.9541,0.6438,,
11/18/2022,145.7326,148.7651,-3.0326,2.0385,,
11/21/2022,149.399,145.5399,3.8592,2.6516,,
11/22/2022,148.348,147.6737,0.6743,0.4566,,
11/23/2022,146.1565,148.5488,-2.3923,1.6104,,
11/25/2022,146.45,145.6382,0.8118,0.5574,,
11/28/2022,144.3078,141.8131,2.4947,1.7592,,
11/29/2022,142.9601,138.814,4.146,2.9868,,
11/30/2022,138.9642,145.5595,-6.5953,4.531,,
12/1/2022,140.9814,145.8348,-4.8534,3.328,,
12/2/2022,148.3736,145.3432,3.0304,2.085,,
12/5/2022,147.0899,144.1829,2.907,2.0162,,
12/6/2022,146.9112,140.5249,6.3862,4.5446,,
12/7/2022,142.8666,138.5879,4.2787,3.0873,,
12/8/2022,140.2943,140.2693,0.025,0.0178,,
12/9/2022,139.3665,139.7875,-0.4211,0.3012,,
12/12/2022,141.3407,142.0786,-0.7379,0.5193,,
12/13/2022,140.2938,143.0423,-2.7485,1.9215,,
12/14/2022,143.2955,140.82,2.4755,1.7579,,
12/15/2022,142.0885,134.222,7.8665,5.8608,,
12/16/2022,136.1317,132.2652,3.8666,2.9233,,
12/19/2022,131.7119,130.1609,1.551,1.1916,,
12/20/2022,130.472,130.0921,0.3799,0.292,,
12/21/2022,128.6857,133.1895,-4.5038,3.3815,,
12/22/2022,132.2294,130.0232,2.2062,1.6968,,
12/23/2022,130.6736,129.6594,1.0142,0.7822,,
12/27/2022,130.0442,127.8599,2.1842,1.7083,,
12/28/2022,128.6897,123.9365,4.7532,3.8352,,
12/29/2022,127.446,127.4469,-0.0009,0.0007,,
12/30/2022,127.0067,127.7616,-0.7549,0.5909,,
1/3/2023,127.1801,122.9827,4.1974,3.413,,
1/4/2023,125.4844,124.2512,1.2332,0.9925,,
1/5/2023,123.943,122.9335,1.0094,0.8211,,
1/6/2023,122.0203,127.4568,-5.4365,4.2654,,
1/9/2023,125.4091,127.9779,-2.5688,2.0072,,
1/10/2023,127.052,128.5482,-1.4962,1.1639,,
1/11/2023,128.2727,131.2622,-2.9895,2.2775,,
1/12/2023,129.1629,131.1835,-2.0206,1.5403,,
1/13/2023,130.1481,132.511,-2.3629,1.7831,,
1/17/2023,130.2321,133.6713,-3.4392,2.5729,,
1/18/2023,132.5435,132.9535,-0.41,0.3084,,
1/19/2023,132.8882,133.0125,-0.1243,0.0934,,
1/20/2023,132.6663,135.5691,-2.9028,2.1412,,
1/23/2023,133.1597,138.755,-5.5953,4.0325,,
1/24/2023,139.7803,140.1513,-0.371,0.2647,,
1/25/2023,140.7456,139.4925,1.2531,0.8983,,
1/26/2023,140.0178,141.5574,-1.5396,1.0876,,
1/27/2023,139.7419,143.4946,-3.7527,2.6152,,
1/30/2023,143.3376,140.6135,2.7241,1.9373,,
1/31/2023,143.151,141.8819,1.2691,0.8945,,
2/1/2023,142.3229,143.0029,-0.6801,0.4756,,
2/2/2023,141.9944,148.3029,-6.3085,4.2538,,
2/3/2023,150.0668,151.9215,-1.8547,1.2208,,
2/6/2023,150.7135,149.1978,1.5158,1.0159,,
2/7/2023,150.9829,152.069,-1.0862,0.7142,,
2/8/2023,150.3788,149.3846,0.9941,0.6655,,
2/9/2023,151.4855,148.3521,3.1334,2.1121,,
2/10/2023,149.6855,148.7165,0.969,0.6516,,
2/13/2023,148.1143,151.5134,-3.3991,2.2434,,
2/14/2023,149.153,150.8733,-1.7203,1.1402,,
2/15/2023,150.7834,152.9709,-2.1875,1.43,,
2/16/2023,151.72,151.3755,0.3445,0.2276,,
2/17/2023,152.2874,150.2331,2.0543,1.3674,,
2/21/2023,150.936,146.225,4.711,3.2218,,
2/22/2023,147.3958,146.6484,0.7474,0.5096,,
2/23/2023,145.6024,147.131,-1.5285,1.0389,,
2/24/2023,146.8219,144.4819,2.34,1.6196,,
2/27/2023,144.6863,145.6735,-0.9872,0.6777,,
2/28/2023,144.6058,145.1712,-0.5654,0.3895,,
3/1/2023,144.6596,143.1031,1.5565,1.0877,,
3/2/2023,143.5398,143.694,-0.1542,0.1073,,
3/3/2023,142.1779,148.7362,-6.5584,4.4094,,
3/6/2023,147.7305,151.4937,-3.7632,2.4841,,
3/7/2023,150.7976,149.2976,1.5001,1.0047,,
3/8/2023,150.4745,150.5483,-0.0737,0.049,,
3/9/2023,149.6046,148.3029,1.3017,0.8777,,
3/10/2023,147.8922,146.2446,1.6476,1.1266,,
3/13/2023,145.2837,148.1847,-2.901,1.9577,,
3/14/2023,146.9967,150.2725,-3.2758,2.1799,,
3/15/2023,148.0116,150.6665,-2.6548,1.7621,,
3/16/2023,149.2764,153.483,-4.2066,2.7408,,
3/17/2023,150.553,152.646,-2.0929,1.3711,,
3/20/2023,152.132,155.0095,-2.8774,1.8563,,
3/21/2023,152.37,156.8609,-4.4909,2.863,,
3/22/2023,154.8928,155.433,-0.5401,0.3475,,
3/23/2023,155.3391,156.5162,-1.1771,0.7521,,
3/24/2023,155.7879,157.8162,-2.0283,1.2852,,
3/27/2023,155.7926,155.8761,-0.0836,0.0536,,
3/28/2023,155.3394,155.2557,0.0837,0.0539,,
3/29/2023,154.4687,158.3283,-3.8596,2.4377,,
3/30/2023,156.962,159.8941,-2.9321,1.8338,,
3/31/2023,158.4886,162.3955,-3.9069,2.4058,,
4/3/2023,161.5493,163.6463,-2.097,1.2814,,
4/4/2023,163.1341,163.1145,0.0196,0.012,,
4/5/2023,163.9696,161.2729,2.6968,1.6722,,
4/6/2023,162.4754,162.1592,0.3162,0.195,,
4/10/2023,160.62,159.5692,1.0509,0.6586,,
4/11/2023,159.2099,158.3578,0.8521,0.5381,,
4/12/2023,158.0352,157.6685,0.3667,0.2326,,
4/13/2023,156.9661,163.0455,-6.0794,3.7287,,
4/14/2023,162.4506,162.7009,-0.2503,0.1538,,
4/17/2023,163.2121,162.7205,0.4915,0.3021,,
4/18/2023,162.596,163.9418,-1.3458,0.8209,,
4/19/2023,162.8952,165.0841,-2.189,1.326,,
4/20/2023,164.1808,164.119,0.0618,0.0377,,
4/21/2023,164.0397,162.5138,1.5259,0.9389,,
4/24/2023,162.7193,162.819,-0.0998,0.0613,,
4/25/2023,162.0016,161.2828,0.7189,0.4457,,
4/26/2023,161.4011,161.2729,0.1282,0.0795,,
4/27/2023,160.2832,165.8523,-5.569,3.3578,,
4/28/2023,164.6896,167.103,-2.4134,1.4443,,
5/1/2023,166.3118,167.0143,-0.7025,0.4206,,
5/2/2023,166.922,165.9803,0.9417,0.5674,,
5/3/2023,166.3647,164.9068,1.4579,0.884,,
5/4/2023,164.1999,163.272,0.9279,0.5683,,
5/5/2023,162.4942,170.9339,-8.4397,4.9374,,
5/8/2023,172.3083,170.865,1.4434,0.8447,,
5/9/2023,171.1456,169.1612,1.9844,1.1731,,
5/10/2023,169.1284,170.924,-1.7957,1.0506,,
5/11/2023,169.4455,171.1112,-1.6657,0.9735,,
5/12/2023,169.9858,170.1842,-0.1983,0.1165,,
5/15/2023,168.7855,169.6911,-0.9056,0.5337,,
5/16/2023,167.7826,169.6911,-1.9084,1.1247,,
5/17/2023,167.3595,170.3025,-2.943,1.7281,,
5/18/2023,168.1739,172.6299,-4.4559,2.5812,,
5/19/2023,170.6891,172.7384,-2.0493,1.1863,,
5/22/2023,173.4586,171.7916,1.667,0.9704,,
5/23/2023,172.3759,169.1881,3.1878,1.8842,,
5/24/2023,168.2715,169.4642,-1.1927,0.7038,,
5/25/2023,168.2238,170.5984,-2.3746,1.3919,,
5/26/2023,170.699,173.0046,-2.3056,1.3327,,
5/30/2023,171.9568,174.8488,-2.892,1.654,,
5/31/2023,175.5237,174.7994,0.7242,0.4143,,
6/1/2023,175.6286,177.6002,-1.9715,1.1101,,
6/2/2023,176.3738,178.4483,-2.0745,1.1625,,
6/5/2023,177.4549,177.0972,0.3577,0.202,,
6/6/2023,177.4297,176.7324,0.6974,0.3946,,
6/7/2023,175.036,175.3616,-0.3255,0.1856,,
6/8/2023,173.6292,178.0735,-4.4444,2.4958,,
6/9/2023,175.3658,178.4582,-3.0924,1.7328,,
6/12/2023,178.5902,181.249,-2.6588,1.4669,,
6/13/2023,179.2104,180.7757,-1.5653,0.8659,,
6/14/2023,180.4925,181.4068,-0.9143,0.504,,
6/15/2023,180.8422,183.4384,-2.5961,1.4153,,
6/16/2023,182.4728,182.3634,0.1094,0.06,,
6/20/2023,181.4388,182.4522,-1.0134,0.5554,,
6/21/2023,180.8553,181.4167,-0.5614,0.3095,,
6/22/2023,180.2063,184.4147,-4.2083,2.282,,
6/23/2023,182.6208,184.0991,-1.4782,0.803,,
6/26/2023,183.0045,182.7086,0.2959,0.162,,
6/27/2023,183.1221,185.46,-2.3378,1.2606,,
6/28/2023,183.5583,186.6336,-3.0753,1.6478,,
6/29/2023,186.4165,186.9689,-0.5523,0.2954,,
6/30/2023,186.0873,191.2883,-5.201,2.7189,,
7/3/2023,190.8329,189.7992,1.0337,0.5446,,
7/5/2023,189.9553,188.6848,1.2705,0.6733,,
7/6/2023,187.5834,189.1582,-1.5748,0.8325,,
7/7/2023,187.8021,188.0438,-0.2417,0.1285,,
7/10/2023,188.7233,186.0024,2.7209,1.4628,,
7/11/2023,186.5818,185.4797,1.1021,0.5942,,
7/12/2023,183.8632,187.1464,-3.2832,1.7543,,
7/13/2023,185.3058,187.9057,-2.5999,1.3836,,
7/14/2023,188.2543,188.0536,0.2006,0.1067,,
7/17/2023,187.4539,191.308,-3.8542,2.0146,,
7/18/2023,190.1708,191.0516,-0.8808,0.461,,
7/19/2023,190.481,192.4026,-1.9217,0.9988,,
7/20/2023,192.4111,190.4599,1.9512,1.0245,,
7/21/2023,190.9688,189.2864,1.6824,0.8888,,
7/24/2023,188.6163,190.0852,-1.4689,0.7728,,
7/25/2023,188.3739,190.9431,-2.5692,1.3455,,
7/26/2023,190.9293,191.811,-0.8816,0.4596,,
7/27/2023,191.2159,190.5487,0.6672,0.3501,,
7/28/2023,190.3914,193.1226,-2.7312,1.4142,,
7/31/2023,190.58,193.734,-3.154,1.628,,
8/1/2023,192.9225,192.9056,0.0169,0.0087,,
8/2/2023,192.5167,189.9175,2.5992,1.3686,,
8/3/2023,188.8721,188.527,0.345,0.183,,
8/4/2023,187.2498,179.4739,7.7759,4.3326,,
8/7/2023,179.4895,176.3773,3.1122,1.7645,,
8/8/2023,177.011,177.3142,-0.3032,0.171,,
8/9/2023,178.2402,175.7265,2.5137,1.4305,,
8/10/2023,176.1392,175.5095,0.6297,0.3588,,
8/11/2023,175.4259,175.5687,-0.1428,0.0813,,
8/14/2023,174.229,177.2179,-2.9889,1.6866,,
8/15/2023,175.8156,175.233,0.5826,0.3324,,
8/16/2023,175.194,174.364,0.83,0.476,,
8/17/2023,173.5911,171.8261,1.765,1.0272,,
8/18/2023,171.8767,172.31,-0.4333,0.2515,,
8/21/2023,170.7251,173.6431,-2.9181,1.6805,,
8/22/2023,172.3429,175.0157,-2.6729,1.5272,,
8/23/2023,175.8426,178.8572,-3.0145,1.6854,,
8/24/2023,177.187,174.1764,3.0106,1.7285,,
8/25/2023,174.0019,176.3785,-2.3766,1.3475,,
8/28/2023,173.8664,177.9388,-4.0724,2.2886,,
8/29/2023,176.5122,181.8196,-5.3075,2.9191,,
8/30/2023,179.2086,185.3056,-6.097,3.2902,,
8/31/2023,185.2884,185.5228,-0.2344,0.1264,,
9/1/2023,185.9343,187.0929,-1.1586,0.6193,,
9/5/2023,185.871,187.3299,-1.459,0.7788,,
9/6/2023,185.9231,180.6248,5.2984,2.9333,,
9/7/2023,180.403,175.3416,5.0614,2.8866,,
9/8/2023,175.9149,175.9539,-0.039,0.0221,,
9/11/2023,178.8371,177.1191,1.718,0.97,,
9/12/2023,178.3449,174.0974,4.2475,2.4397,,
9/13/2023,174.17,172.0335,2.1364,1.2419,,
9/14/2023,172.8352,173.5444,-0.7092,0.4087,,
9/15/2023,171.8834,172.8235,-0.9401,0.544,,
9/18/2023,173.4017,175.7465,-2.3447,1.3342,,
9/19/2023,176.7636,176.8328,-0.0691,0.0391,,
9/20/2023,175.8772,173.2975,2.5797,1.4886,,
9/21/2023,172.1926,171.757,0.4357,0.2536,,
9/22/2023,171.9561,172.6062,-0.6501,0.3766,,
9/25/2023,172.7133,173.8801,-1.1668,0.671,,
9/26/2023,173.7088,169.8116,3.8972,2.295,,
9/27/2023,170.7332,168.3007,2.4326,1.4454,,
9/28/2023,168.8733,168.5574,0.3159,0.1874,,
9/29/2023,167.7661,169.071,-1.3049,0.7718,,
10/2/2023,168.2365,171.5792,-3.3427,1.9482,,
10/3/2023,171.3894,170.2461,1.1433,0.6716,,
10/4/2023,169.541,171.4903,-1.9493,1.1367,,
10/5/2023,169.1975,172.7247,-3.5273,2.0421,,
10/6/2023,171.1376,175.2725,-4.135,2.3592,,
10/9/2023,174.4955,176.7538,-2.2582,1.2776,,
10/10/2023,175.093,176.1612,-1.0683,0.6064,,
10/11/2023,176.0819,177.5536,-1.4717,0.8289,,
10/12/2023,176.4822,178.4523,-1.9701,1.104,,
10/13/2023,177.2823,176.6155,0.6668,0.3775,,
10/16/2023,175.5854,176.4872,-0.9018,0.511,,
10/17/2023,174.7966,174.9368,-0.1401,0.0801,,
10/18/2023,174.2411,173.6431,0.598,0.3444,,
10/19/2023,173.9212,173.2679,0.6533,0.377,,
10/20/2023,172.9139,170.7201,2.1938,1.285,,
10/23/2023,169.9534,170.8386,-0.8851,0.5181,,
10/24/2023,168.7885,171.2731,-2.4845,1.4506,,
10/25/2023,170.6442,168.9624,1.6818,0.9954,,
10/26/2023,168.9308,164.8049,4.1259,2.5035,,
10/27/2023,164.0667,166.1183,-2.0516,1.235,,
10/30/2023,163.9917,168.1624,-4.1707,2.4802,,
10/31/2023,169.2459,168.6365,0.6094,0.3614,,
11/1/2023,169.3605,171.7965,-2.436,1.418,,
11/2/2023,171.9343,175.3515,-3.4172,1.9488,,
11/3/2023,174.6542,174.443,0.2112,0.1211,,
11/6/2023,174.2496,176.9908,-2.7412,1.5488,,
11/7/2023,175.9088,179.5484,-3.6396,2.0271,,
11/8/2023,180.2589,180.605,-0.3461,0.1917,,
11/9/2023,179.7803,180.131,-0.3507,0.1947,,
11/10/2023,179.1439,184.3137,-5.1698,2.8049,,
11/13/2023,181.265,182.7316,-1.4666,0.8026,,
11/14/2023,182.1172,185.3421,-3.2249,1.74,,
11/15/2023,183.1827,185.9056,-2.7229,1.4647,,
11/16/2023,185.0171,187.5867,-2.5696,1.3698,,
11/17/2023,185.8272,187.5668,-1.7397,0.9275,,
11/20/2023,185.9829,189.3072,-3.3243,1.756,,
11/21/2023,187.3363,188.5062,-1.1699,0.6206,,
11/22/2023,187.3493,189.1687,-1.8194,0.9618,,
11/24/2023,187.6607,187.8437,-0.183,0.0974,,
11/27/2023,186.6554,187.6657,-1.0104,0.5384,,
11/28/2023,186.5175,188.2689,-1.7514,0.9302,,
11/29/2023,187.783,187.2504,0.5325,0.2844,,
11/30/2023,187.0146,187.824,-0.8093,0.4309,,
12/1/2023,187.2323,189.0995,-1.8673,0.9875,,
12/4/2023,188.1142,187.3098,0.8044,0.4295,,
12/5/2023,186.8103,191.2551,-4.4448,2.324,,
12/6/2023,189.7748,190.1674,-0.3926,0.2065,,
12/7/2023,191.8675,192.0956,-0.2281,0.1187,,
12/8/2023,192.4212,193.5195,-1.0983,0.5675,,
12/11/2023,193.688,191.0178,2.6702,1.3979,,
12/12/2023,192.0407,192.5307,-0.4899,0.2545,,
12/13/2023,191.4929,195.7443,-4.2514,2.1719,,
12/14/2023,194.6759,195.8926,-1.2168,0.6211,,
12/15/2023,197.4365,195.3587,2.0779,1.0636,,
12/18/2023,196.574,193.6975,2.8766,1.4851,,
12/19/2023,192.7394,194.7357,-1.9963,1.0251,,
12/20/2023,194.208,192.6493,1.5587,0.8091,,
12/21/2023,193.9461,192.501,1.4451,0.7507,,
12/22/2023,192.2779,191.4331,0.8447,0.4413,,
12/26/2023,190.4831,190.8892,-0.4062,0.2128,,
12/27/2023,190.1745,190.9881,-0.8136,0.426,,
12/28/2023,190.3169,191.4133,-1.0964,0.5728,,
12/29/2023,190.8781,190.3751,0.5031,0.2642,,
1/2/2024,189.9734,183.5622,6.4113,3.4927,,
1/3/2024,185.1899,182.1877,3.0022,1.6479,,
1/4/2024,180.5235,179.8739,0.6496,0.3611,,
1/5/2024,180.9381,179.1521,1.786,0.9969,,
1/8/2024,180.8457,183.4831,-2.6374,1.4374,,
1/9/2024,182.2752,183.0678,-0.7926,0.4329,,
1/10/2024,183.9574,184.106,-0.1486,0.0807,,
1/11/2024,184.138,183.5127,0.6253,0.3407,,
1/12/2024,182.7523,183.8391,-1.0867,0.5911,,
1/16/2024,182.9454,181.5747,1.3707,0.7549,,
1/17/2024,180.4447,180.6353,-0.1906,0.1055,,
1/18/2024,179.7496,186.5187,-6.7691,3.6292,,
1/19/2024,187.743,189.416,-1.673,0.8832,,
1/22/2024,188.7018,191.7198,-3.0181,1.5742,,
1/23/2024,192.2692,192.9954,-0.7262,0.3763,,
1/24/2024,193.0739,192.323,0.7509,0.3904,,
1/25/2024,192.3863,191.9967,0.3896,0.2029,,
1/26/2024,191.3764,190.2663,1.1101,0.5835,,
1/29/2024,188.9477,189.584,-0.6363,0.3356,,
1/30/2024,187.5925,185.9353,1.6571,0.8912,,
1/31/2024,184.563,182.3361,2.227,1.2214,,
2/1/2024,182.2735,184.7685,-2.495,1.3503,,
2/2/2024,184.218,183.7699,0.4482,0.2439,,
2/5/2024,183.9829,185.5794,-1.5965,0.8603,,
2/6/2024,187.3176,187.1812,0.1364,0.0728,,
2/7/2024,187.4829,187.29,0.193,0.103,,
2/8/2024,187.3853,186.2122,1.1731,0.63,,
2/9/2024,186.3803,186.9746,-0.5943,0.3179,,
2/12/2024,185.6473,185.2914,0.3559,0.1921,,
2/13/2024,185.322,183.2024,2.1196,1.157,,
2/14/2024,182.3639,182.3212,0.0426,0.0234,,
2/15/2024,181.497,182.0341,-0.5371,0.2951,,
2/16/2024,181.34,180.4995,0.8405,0.4657,,
2/20/2024,180.5322,179.7569,0.7753,0.4313,,
2/21/2024,178.8107,180.5094,-1.6987,0.9411,,
2/22/2024,179.2497,182.539,-3.2893,1.802,,
2/23/2024,182.8754,180.7074,2.168,1.1997,,
2/26/2024,180.8508,179.3609,1.4899,0.8306,,
2/27/2024,177.6337,180.8163,-3.1826,1.7602,,
2/28/2024,179.325,179.6183,-0.2933,0.1633,,
2/29/2024,180.0404,178.955,1.0854,0.6065,,
3/1/2024,178.396,177.8758,0.5202,0.2925,,
3/4/2024,175.8255,173.3611,2.4644,1.4216,,
3/5/2024,173.5646,168.4306,5.134,3.0482,,
3/6/2024,167.4072,167.4405,-0.0333,0.0199,,
3/7/2024,167.5381,167.3217,0.2164,0.1293,,
3/8/2024,169.0155,169.0345,-0.019,0.0113,,
3/11/2024,168.8503,171.0344,-2.1841,1.277,,
3/12/2024,172.1764,171.5096,0.6667,0.3888,,
3/13/2024,171.0694,169.4305,1.6389,0.9673,,
3/14/2024,167.9397,171.282,-3.3423,1.9513,,
3/15/2024,169.3198,170.9057,-1.5859,0.9279,,
3/18/2024,169.8518,171.9948,-2.143,1.246,,
3/19/2024,170.8116,174.3314,-3.5198,2.019,,
3/20/2024,173.6977,176.8956,-3.1979,1.8078,,
3/21/2024,175.3463,169.6681,5.6782,3.3467,,
3/22/2024,168.984,170.5691,-1.5851,0.9293,,
3/25/2024,169.1166,169.1533,-0.0367,0.0217,,
3/26/2024,169.7383,168.0246,1.7136,1.0199,,
3/27/2024,168.498,171.5889,-3.0908,1.8013,,
3/28/2024,172.0671,169.777,2.2901,1.3489,,
4/1/2024,170.7992,168.3415,2.4577,1.46,,
4/2/2024,167.6974,167.1633,0.5341,0.3195,,
4/3/2024,167.1037,167.9652,-0.8615,0.5129,,
4/4/2024,168.4505,167.1434,1.307,0.782,,
4/5/2024,167.4057,167.8959,-0.4902,0.292,,
4/8/2024,167.6604,166.7771,0.8833,0.5296,,
4/9/2024,166.8993,167.985,-1.0857,0.6463,,
4/10/2024,167.9848,166.1138,1.871,1.1263,,
4/11/2024,167.367,173.3017,-5.9347,3.4245,,
4/12/2024,174.4368,174.7967,-0.3599,0.2059,,
4/15/2024,176.4401,170.975,5.465,3.1964,,
4/16/2024,172.0578,167.6979,4.3599,2.5999,,
4/17/2024,168.2141,166.3316,1.8825,1.1318,,
4/18/2024,165.4554,165.3811,0.0742,0.0449,,
4/19/2024,165.9598,163.3614,2.5984,1.5906,,
4/22/2024,163.6268,164.193,-0.5662,0.3449,,
4/23/2024,163.1098,165.2425,-2.1327,1.2906,,
4/24/2024,165.3314,167.3415,-2.0101,1.2012,,
4/25/2024,166.9453,168.2028,-1.2575,0.7476,,
4/26/2024,169.2624,167.6187,1.6437,0.9806,,
4/29/2024,168.9786,171.777,-2.7984,1.6291,,
4/30/2024,172.9802,168.6385,4.3417,2.5745,,
5/1/2024,169.1856,167.6187,1.5669,0.9348,,
5/2/2024,165.9078,171.3116,-5.4038,3.1544,,
5/3/2024,169.5735,181.5589,-11.9854,6.6014,,
5/6/2024,185.8472,179.9054,5.9418,3.3027,,
5/7/2024,182.9227,180.5886,2.3342,1.2925,,
5/8/2024,178.3366,180.9252,-2.5887,1.4308,,
5/9/2024,180.9382,182.737,-1.7988,0.9844,,
5/10/2024,184.1936,181.478,2.7156,1.4964,,
5/13/2024,181.7603,184.6802,-2.92,1.5811,,
5/14/2024,184.9634,185.8203,-0.8569,0.4612,,
5/15/2024,186.078,188.0907,-2.0126,1.07,,
5/16/2024,189.4458,188.2096,1.2362,0.6568,,
5/17/2024,189.6085,188.2394,1.3691,0.7273,,
5/20/2024,189.1439,189.3993,-0.2554,0.1348,,
5/21/2024,189.7038,190.6981,-0.9943,0.5214,,
5/22/2024,192.9507,189.2605,3.6902,1.9498,,
5/23/2024,191.0756,185.2751,5.8005,3.1308,,
5/24/2024,185.4354,188.3484,-2.913,1.5466,,
5/28/2024,188.339,188.3584,-0.0194,0.0103,,
5/29/2024,192.1455,188.6558,3.4897,1.8498,,
5/30/2024,190.3716,189.6472,0.7244,0.382,,
5/31/2024,190.4816,190.599,-0.1174,0.0616,,
6/3/2024,189.9268,192.3637,-2.4368,1.2668,,
6/4/2024,192.5722,192.6809,-0.1087,0.0564,,
6/5/2024,191.7247,194.1879,-2.4631,1.2684,,
6/6/2024,193.8719,192.8098,1.0621,0.5509,,
6/7/2024,192.2025,195.1991,-2.9966,1.5352,,
6/10/2024,194.125,191.4615,2.6635,1.3911,,
6/11/2024,192.0914,205.371,-13.2796,6.4661,,
6/12/2024,206.6765,211.2401,-4.5636,2.1604,,
6/13/2024,213.7333,212.4001,1.3332,0.6277,,
6/14/2024,214.2018,210.6651,3.5367,1.6788,,
6/17/2024,211.4544,214.8092,-3.3549,1.5618,,
6/18/2024,213.2923,212.4497,0.8426,0.3966,,
6/20/2024,213.6522,207.8792,5.773,2.7771,,
6/21/2024,206.9366,205.7081,1.2285,0.5972,,
6/24/2024,204.8856,206.3525,-1.4668,0.7108,,
6/25/2024,206.2561,207.2745,-1.0184,0.4913,,
6/26/2024,208.1473,211.4186,-3.2713,1.5473,,
6/27/2024,212.8891,212.2613,0.6278,0.2958,,
6/28/2024,211.7301,208.8112,2.9189,1.3979,,
7/1/2024,206.3955,214.8885,-8.493,3.9523,,
7/2/2024,211.7344,218.3783,-6.644,3.0424,,
7/3/2024,216.4973,219.6473,-3.15,1.4341,,
7/5/2024,218.1082,224.3962,-6.288,2.8022,,
7/8/2024,222.0606,225.8635,-3.8029,1.6837,,
7/9/2024,222.8193,226.7161,-3.8968,1.7188,,
7/10/2024,223.4159,230.9792,-7.5632,3.2744,,
7/11/2024,225.3042,225.6156,-0.3114,0.138,,
7/12/2024,223.0418,228.5601,-5.5183,2.4144,,
7/15/2024,224.4975,232.387,-7.8895,3.395,,
7/16/2024,230.4167,232.8034,-2.3866,1.0252,,
7/17/2024,229.3059,226.9144,2.3916,1.0539,,
7/18/2024,224.1939,222.2547,1.9392,0.8725,,
7/19/2024,223.7783,222.3836,1.3947,0.6272,,
7/22/2024,223.7755,222.0366,1.7388,0.7831,,
7/23/2024,222.7977,223.0776,-0.28,0.1255,,
7/24/2024,222.156,216.6632,5.4928,2.5352,,
7/25/2024,219.4797,215.6222,3.8575,1.789,,
7/26/2024,214.2178,216.0882,-1.8704,0.8656,,
7/29/2024,216.0621,216.3658,-0.3036,0.1403,,
7/30/2024,217.2233,216.9209,0.3024,0.1394,,
7/31/2024,215.9779,220.1728,-4.1949,1.9053,,
8/1/2024,220.9832,216.4847,4.4985,2.078,,
8/2/2024,218.0068,217.9718,0.035,0.016,,
8/5/2024,217.307,207.4728,9.8342,4.74,,
8/6/2024,207.0874,205.4503,1.6371,0.7968,,
8/7/2024,204.0628,208.0181,-3.9553,1.9014,,
8/8/2024,211.279,211.4781,-0.1991,0.0942,,
8/9/2024,215.4406,214.3829,1.0577,0.4934,,
8/12/2024,215.3786,215.9115,-0.5329,0.2468,,
8/13/2024,215.2906,219.6237,-4.3331,1.973,,
8/14/2024,220.6228,220.0703,0.5525,0.2511,,
8/15/2024,221.3904,223.048,-1.6576,0.7432,,
8/16/2024,221.4875,224.3681,-2.8806,1.2839,,
8/19/2024,223.6455,224.2093,-0.5637,0.2514,,
8/20/2024,222.3468,224.8246,-2.4778,1.1021,,
8/21/2024,223.7641,224.7155,-0.9513,0.4234,,
8/22/2024,224.2814,222.8594,1.4221,0.6381,,
8/23/2024,222.2034,225.1522,-2.9488,1.3097,,
8/26/2024,222.7894,225.4897,-2.7003,1.1975,,
8/27/2024,224.7216,226.3333,-1.6117,0.7121,,
8/28/2024,224.7173,224.8048,-0.0875,0.0389,,
8/29/2024,225.3214,228.0803,-2.7588,1.2096,,
8/30/2024,227.1141,227.2961,-0.182,0.0801,,
9/3/2024,226.0264,221.1125,4.9139,2.2224,,
9/4/2024,222.0823,219.2068,2.8756,1.3118,,
9/5/2024,216.634,220.7254,-4.0913,1.8536,,
9/6/2024,220.0414,219.177,0.8644,0.3944,,
9/9/2024,221.2306,219.2663,1.9643,0.8958,,
9/10/2024,218.9633,218.4723,0.4911,0.2248,,
9/11/2024,216.7105,221.0033,-4.2928,1.9424,,
9/12/2024,220.0596,221.1125,-1.0528,0.4761,,
9/13/2024,221.5599,220.8445,0.7154,0.3239,,
9/16/2024,220.3308,214.7105,5.6203,2.6176,,
9/17/2024,212.7184,215.177,-2.4586,1.1426,,
9/18/2024,214.2774,219.048,-4.7706,2.1779,,
9/19/2024,220.9075,227.1671,-6.2596,2.7555,,
9/20/2024,223.9939,226.5021,-2.5082,1.1074,,
9/23/2024,227.5557,224.785,2.7708,1.2326,,
9/24/2024,225.3041,225.6782,-0.3742,0.1658,,
9/25/2024,223.4862,224.6857,-1.1995,0.5339,,
9/26/2024,224.3193,225.8271,-1.5079,0.6677,,
9/27/2024,225.7746,226.0951,-0.3205,0.1418,,
9/30/2024,225.9012,231.2664,-5.3652,2.3199,,
10/1/2024,229.9082,224.5269,5.3813,2.3967,,
10/2/2024,226.0686,225.0926,0.976,0.4336,,
10/3/2024,222.2628,223.9909,-1.728,0.7715,,
10/4/2024,223.6144,225.1125,-1.4981,0.6655,,
10/7/2024,225.1474,220.0405,5.1069,2.3209,,
10/8/2024,221.1259,224.0901,-2.9642,1.3228,,
10/9/2024,222.7624,227.8321,-5.0697,2.2252,,
10/10/2024,226.33,227.3358,-1.0059,0.4425,,
10/11/2024,227.5972,225.8569,1.7402,0.7705,,
10/14/2024,227.0709,229.579,-2.5081,1.0925,,
10/15/2024,228.1817,232.11,-3.9283,1.6924,,
10/16/2024,230.1947,230.0554,0.1392,0.0605,,
10/17/2024,229.0359,230.4227,-1.3867,0.6018,,
10/18/2024,228.5646,233.2514,-4.6869,2.0094,,
10/21/2024,232.3842,234.7205,-2.3362,0.9953,,
10/22/2024,231.9583,234.1051,-2.1468,0.917,,
10/23/2024,232.0273,229.043,2.9843,1.303,,
10/24/2024,229.9186,228.8545,1.0641,0.465,,
10/25/2024,227.3613,229.6882,-2.3269,1.0131,,
10/28/2024,229.7569,231.6634,-1.9065,0.823,,
10/29/2024,232.6037,231.9314,0.6723,0.2899,,
10/30/2024,231.5624,228.3879,3.1745,1.3899,,
10/31/2024,227.4401,224.2291,3.2109,1.432,,
11/1/2024,225.0485,221.2514,3.7971,1.7162,,
11/4/2024,221.3466,220.3581,0.9885,0.4486,,
11/5/2024,221.0376,221.7874,-0.7498,0.3381,,
11/6/2024,224.7371,221.0628,3.6743,1.6621,,
11/7/2024,223.4393,225.7874,-2.3482,1.04,,
11/8/2024,226.2273,225.5191,0.7082,0.314,,
11/11/2024,225.4324,222.8065,2.6259,1.1786,,
11/12/2024,221.1454,222.8065,-1.661,0.7455,,
11/13/2024,221.109,223.6908,-2.5818,1.1542,,
11/14/2024,223.821,226.7711,-2.9501,1.3009,,
11/15/2024,225.7752,223.5716,2.2037,0.9857,,
11/18/2024,224.1135,226.5724,-2.4589,1.0853,,
11/19/2024,225.2227,226.8307,-1.6081,0.7089,,
11/20/2024,227.0274,227.5462,-0.5188,0.228,,
11/21/2024,226.3732,227.0693,-0.696,0.3065,,
11/22/2024,225.6363,228.4107,-2.7744,1.2146,,
11/25/2024,226.9969,231.3916,-4.3948,1.8993,,
11/26/2024,230.2787,233.5677,-3.289,1.4082,,
11/27/2024,231.1204,233.4385,-2.3182,0.9931,,
11/29/2024,231.7103,235.8233,-4.113,1.7441,,
12/2/2024,234.4523,238.0689,-3.6166,1.5191,,
12/3/2024,238.5633,241.1095,-2.5462,1.056,,
12/4/2024,240.7782,241.4673,-0.6891,0.2854,,
12/5/2024,241.8382,241.497,0.3412,0.1413,,
12/6/2024,240.9219,241.2983,-0.3764,0.156,,
12/9/2024,240.6197,245.1835,-4.5638,1.8614,,
12/10/2024,243.5871,246.197,-2.6099,1.0601,,
12/11/2024,247.5563,244.9252,2.6311,1.0743,,
12/12/2024,246.1464,246.3858,-0.2394,0.0972,,
12/13/2024,245.4357,246.5547,-1.119,0.4539,,
12/16/2024,245.8868,249.4463,-3.5594,1.4269,,
12/17/2024,250.3316,251.8708,-1.5392,0.6111,,
12/18/2024,252.0234,246.4753,5.5481,2.251,,
12/19/2024,246.3703,248.2042,-1.8339,0.7389,,
12/20/2024,246.6993,252.8744,-6.175,2.4419,,
12/23/2024,253.5019,253.6494,-0.1475,0.0581,,
12/24/2024,254.5123,256.5608,-2.0485,0.7984,,
12/26/2024,257.7367,257.3756,0.3611,0.1403,,
12/27/2024,257.5066,253.9674,3.5392,1.3936,,
12/30/2024,253.3067,250.5989,2.7078,1.0805,,
12/31/2024,250.7878,248.8302,1.9576,0.7867,,
